"id","ownerId","ownerUsername","shortcode","isVideo","takenAtTimestamp","commentsDisabled","thumbnailSrc","url","likes","comments","views"
"2156068246942594043","25025320","instagram","B3r5KWygzP7",false,1571243385,false,"https://scontent-amt2-1.cdninstagram.com/vp/5b9b0fc0e80005793bcc4713b5745539/5E30AC10/t51.2885-15/sh0.08/e35/c0.119.1281.1281a/s640x640/70338872_807671486317564_8541301142704706905_n.jpg?_nc_ht=scontent-amt2-1.cdninstagram.com&_nc_cat=1","https://scontent-amt2-1.cdninstagram.com/vp/79d7c04ced6cfef2bab93b45464849f4/5E2A785C/t51.2885-15/e35/p1080x1080/70338872_807671486317564_8541301142704706905_n.jpg?_nc_ht=scontent-amt2-1.cdninstagram.com&_nc_cat=1",431068,4889,0
"2155437357787090107","25025320","instagram","B3ppttegYy7",true,1571168334,false,"https://scontent-amt2-1.cdninstagram.com/vp/64763b6b766acfc731f2547acd8a89b4/5DAA8223/t51.2885-15/sh0.08/e35/c0.90.720.720a/s640x640/70476952_198705511134441_7867019597365864930_n.jpg?_nc_ht=scontent-amt2-1.cdninstagram.com&_nc_cat=1","https://scontent-amt2-1.cdninstagram.com/v/t50.2886-16/73588225_145143536717072_2961225582936596077_n.mp4?_nc_ht=scontent-amt2-1.cdninstagram.com&_nc_cat=108&oe=5DAA69AC&oh=d02e883ae1caa2cfc2dafff3cc9f9a13",494387,6948,6451504
"2155393252323252125","25025320","instagram","B3pfr5EAFed",true,1571163260,false,"https://scontent-amt2-1.cdninstagram.com/vp/83dca4a4e8c2378c8aa2f7636a314266/5DAA8CB9/t51.2885-15/sh0.08/e35/c0.449.1618.1618a/s640x640/70594403_557154118388374_2195285686426311046_n.jpg?_nc_ht=scontent-amt2-1.cdninstagram.com&_nc_cat=1","https://scontent-amt2-1.cdninstagram.com/v/t50.16885-16/10000000_616688105533628_711845707053266951_n.mp4?_nc_ht=scontent-amt2-1.cdninstagram.com&_nc_cat=108&oe=5DAAC965&oh=e83a086b2439cc0353c9f661a9ab87d5",178199,2259,2671842
"2155333522607528741","25025320","instagram","B3pSGtbg1sl",false,1571155799,false,"https://scontent-amt2-1.cdninstagram.com/vp/97e6acf4945cc4ec48c2fab53b795147/5E24C889/t51.2885-15/sh0.08/e35/c0.177.1440.1440a/s640x640/72202142_2565215316903081_8939680779534990878_n.jpg?_nc_ht=scontent-amt2-1.cdninstagram.com&_nc_cat=1","https://scontent-amt2-1.cdninstagram.com/vp/59412ae555620d0d6213c94412f82b45/5E207F5A/t51.2885-15/e35/p1080x1080/72202142_2565215316903081_8939680779534990878_n.jpg?_nc_ht=scontent-amt2-1.cdninstagram.com&_nc_cat=1",546333,4438,0
"2154670845384353753","25025320","instagram","B3m7bfLBmfZ",false,1571076802,false,"https://scontent-amt2-1.cdninstagram.com/vp/d16e9ac198bba89174a241a10fe05968/5E5E19E4/t51.2885-15/sh0.08/e35/c0.113.905.905a/s640x640/72789143_1132270583829012_781186130110417648_n.jpg?_nc_ht=scontent-amt2-1.cdninstagram.com&_nc_cat=1","https://scontent-amt2-1.cdninstagram.com/vp/2b8c777979b52468a4c36c08c63b9a77/5E20F96D/t51.2885-15/e35/72789143_1132270583829012_781186130110417648_n.jpg?_nc_ht=scontent-amt2-1.cdninstagram.com&_nc_cat=1",519103,6748,0
"2154609490199090564","25025320","instagram","B3mteptAJWE",false,1571069488,false,"https://scontent-amt2-1.cdninstagram.com/vp/6cb0d6648cb7d1c61cd789bcdd249951/5E44DE9F/t51.2885-15/sh0.08/e35/c0.169.1349.1349a/s640x640/70807342_415570569357172_125382279853312658_n.jpg?_nc_ht=scontent-amt2-1.cdninstagram.com&_nc_cat=1","https://scontent-amt2-1.cdninstagram.com/vp/8daf08a8f296a73015f2981a5ba35bc6/5E238B2A/t51.2885-15/e35/p1080x1080/70807342_415570569357172_125382279853312658_n.jpg?_nc_ht=scontent-amt2-1.cdninstagram.com&_nc_cat=1",733355,5625,0
"2154057790879157357","25025320","instagram","B3kwCXrA8xt",false,1571003720,false,"https://scontent-amt2-1.cdninstagram.com/vp/0c7d2498b338ad58d0ebb4dde6537e88/5E2D7B38/t51.2885-15/sh0.08/e35/c0.169.1349.1349a/s640x640/73118077_181205319705645_3312054223244273035_n.jpg?_nc_ht=scontent-amt2-1.cdninstagram.com&_nc_cat=1","https://scontent-amt2-1.cdninstagram.com/vp/f1ee38e06b7313013f19434b14d15db8/5E20CC3C/t51.2885-15/e35/p1080x1080/73118077_181205319705645_3312054223244273035_n.jpg?_nc_ht=scontent-amt2-1.cdninstagram.com&_nc_cat=1",2734813,19243,0
"2153225314455639103","25025320","instagram","B3hywPlgdQ_",false,1570904481,false,"https://scontent-amt2-1.cdninstagram.com/vp/dca60a2c4ca2c5bc85c73a55aa091060/5E32C548/t51.2885-15/sh0.08/e35/c0.178.1440.1440a/s640x640/72097163_666038087136879_6226198091762712493_n.jpg?_nc_ht=scontent-amt2-1.cdninstagram.com&_nc_cat=1","https://scontent-amt2-1.cdninstagram.com/vp/2420c8f696e42db66e0bf62b6a029712/5E1F6321/t51.2885-15/e35/p1080x1080/72097163_666038087136879_6226198091762712493_n.jpg?_nc_ht=scontent-amt2-1.cdninstagram.com&_nc_cat=1",743311,7629,0
"2152509761671862562","25025320","instagram","B3fQDlIAxki",false,1570819181,false,"https://scontent-amt2-1.cdninstagram.com/vp/ef2ddf5e4ab7bfe40b13847e39460d82/5E2A3111/t51.2885-15/sh0.08/e35/c0.180.1440.1440a/s640x640/71231315_734005010404813_6509462265818504944_n.jpg?_nc_ht=scontent-amt2-1.cdninstagram.com&_nc_cat=1","https://scontent-amt2-1.cdninstagram.com/vp/1f200510407a25fc94cd09b356a16d2d/5E654482/t51.2885-15/e35/p1080x1080/71231315_734005010404813_6509462265818504944_n.jpg?_nc_ht=scontent-amt2-1.cdninstagram.com&_nc_cat=1",483905,6294,0
"2152506058865061721","25025320","instagram","B3fPNsnhy9Z",true,1570818968,false,"https://scontent-amt2-1.cdninstagram.com/vp/50f4367226cdf21da2a2620c3bbead74/5DAA63FD/t51.2885-15/sh0.08/e35/c0.420.1080.1080a/s640x640/72302856_508967299665129_1587141431928884231_n.jpg?_nc_ht=scontent-amt2-1.cdninstagram.com&_nc_cat=1","https://scontent-amt2-1.cdninstagram.com/v/t50.16885-16/10000000_395076971386342_5029390413398460764_n.mp4?_nc_ht=scontent-amt2-1.cdninstagram.com&_nc_cat=110&oe=5DAAAB7F&oh=5262f11f8c5dc1db7cd630cdc5816426",190049,1990,1651598
"2152446578550424208","25025320","instagram","B3fBsJQgMKQ",true,1570811671,false,"https://scontent-amt2-1.cdninstagram.com/vp/144c5b08d6d62c7a2d4096ea7e92d274/5DAA9226/t51.2885-15/e35/70674687_409032899758055_8593194869966925308_n.jpg?_nc_ht=scontent-amt2-1.cdninstagram.com&_nc_cat=1","https://scontent-amt2-1.cdninstagram.com/vp/7974c11c489a9ca1ef03b390f1dc044f/5DAA98BF/t50.2886-16/72967625_769950157157529_7377479541705321888_n.mp4?_nc_ht=scontent-amt2-1.cdninstagram.com&_nc_cat=109",926262,12801,8000527
"2151663669128784216","25025320","instagram","B3cPrUCiOlY",false,1570718319,false,"https://scontent-amt2-1.cdninstagram.com/vp/f3eb36ebbdaf0580ea2f6a749f203248/5E64217F/t51.2885-15/sh0.08/e35/c0.180.1440.1440a/s640x640/70934610_400031374016019_6568551368013206931_n.jpg?_nc_ht=scontent-amt2-1.cdninstagram.com&_nc_cat=1","https://scontent-amt2-1.cdninstagram.com/vp/983f6a07439be7aceee49e50d7520e65/5E21C2EC/t51.2885-15/e35/p1080x1080/70934610_400031374016019_6568551368013206931_n.jpg?_nc_ht=scontent-amt2-1.cdninstagram.com&_nc_cat=1",1089146,10328,0
"2151646233784600846","25025320","instagram","B3cLtmHCckO",true,1570716667,false,"https://scontent-amt2-1.cdninstagram.com/vp/c8accea9c021fb9d309d04a5701092ba/5DAACB88/t51.2885-15/sh0.08/e35/c0.629.2263.2263a/s640x640/72226489_545972752806493_1238673409258611705_n.jpg?_nc_ht=scontent-amt2-1.cdninstagram.com&_nc_cat=1","https://scontent-amt2-1.cdninstagram.com/v/t50.16885-16/10000000_152529105960346_1471520120720841577_n.mp4?_nc_ht=scontent-amt2-1.cdninstagram.com&_nc_cat=110&oe=5DAA5949&oh=6b35a4d9e21884f769692b9352c0c0ef",387743,4829,3969526
"2150996955055366114","25025320","instagram","B3Z4FWLBZ_i",false,1570638840,false,"https://scontent-amt2-1.cdninstagram.com/vp/fc106e58ceb97ed4cc657c627155bfb6/5E217A89/t51.2885-15/sh0.08/e35/c22.0.1036.1036a/s640x640/70938374_215112916142986_8631580776312001448_n.jpg?_nc_ht=scontent-amt2-1.cdninstagram.com&_nc_cat=1","https://scontent-amt2-1.cdninstagram.com/vp/493b52173ebeac040a556b67b81494dd/5E42A71F/t51.2885-15/e35/70938374_215112916142986_8631580776312001448_n.jpg?_nc_ht=scontent-amt2-1.cdninstagram.com&_nc_cat=1",1867166,18355,0
"2150336124710015277","25025320","instagram","B3Xh0_9B9Et",false,1570560063,false,"https://scontent-amt2-1.cdninstagram.com/vp/fc52a74d43e2dfa6a319a0e1b7ab22fb/5E643E0D/t51.2885-15/sh0.08/e35/s640x640/73265920_410080566346984_8557011987573550548_n.jpg?_nc_ht=scontent-amt2-1.cdninstagram.com&_nc_cat=1","https://scontent-amt2-1.cdninstagram.com/vp/685bbac6adde9a1778c85f03ab613b68/5E21FBE8/t51.2885-15/e35/73265920_410080566346984_8557011987573550548_n.jpg?_nc_ht=scontent-amt2-1.cdninstagram.com&_nc_cat=1",590140,10480,0
"2150312501097962536","25025320","instagram","B3XcdOwBpwo",true,1570557514,false,"https://scontent-amt2-1.cdninstagram.com/vp/e9b4014201929e4a1f5b45ccae801c32/5DAAB3D9/t51.2885-15/sh0.08/e35/c0.846.3044.3044a/s640x640/71186281_159143958493345_5825493132090255151_n.jpg?_nc_ht=scontent-amt2-1.cdninstagram.com&_nc_cat=1","https://scontent-amt2-1.cdninstagram.com/vp/6a2e4f222a7e0b1e9b258a697e25a630/5DAA844A/t50.16885-16/10000000_2913845195311391_2539582738639957174_n.mp4?_nc_ht=scontent-amt2-1.cdninstagram.com&_nc_cat=111",227530,3205,2595463
"2150256390822944524","25025320","instagram","B3XPst_A98M",false,1570550558,false,"https://scontent-amt2-1.cdninstagram.com/vp/dc92d2588c53e2ad6413baf33236e17a/5E4069DD/t51.2885-15/sh0.08/e35/s640x640/70988479_1222439214624251_8643760101265339289_n.jpg?_nc_ht=scontent-amt2-1.cdninstagram.com&_nc_cat=1","https://scontent-amt2-1.cdninstagram.com/vp/cb0df978d6f229f4a8fb9698b7805252/5E340367/t51.2885-15/e35/70988479_1222439214624251_8643760101265339289_n.jpg?_nc_ht=scontent-amt2-1.cdninstagram.com&_nc_cat=1",870695,7191,0
"2149515836849751475","25025320","instagram","B3UnUPWgYWz",false,1570462277,false,"https://scontent-amt2-1.cdninstagram.com/vp/ba619b28a7e114c0b63e1fd5edd0030b/5E438CB1/t51.2885-15/sh0.08/e35/s640x640/72406939_175087216873509_2785213568448115895_n.jpg?_nc_ht=scontent-amt2-1.cdninstagram.com&_nc_cat=1","https://scontent-amt2-1.cdninstagram.com/vp/4a8bacf2e64ff7d688af3db44d7598fa/5E333754/t51.2885-15/e35/72406939_175087216873509_2785213568448115895_n.jpg?_nc_ht=scontent-amt2-1.cdninstagram.com&_nc_cat=1",800149,7421,0
"2148786583799677697","25025320","instagram","B3SBgNhgUMB",false,1570375343,false,"https://scontent-amt2-1.cdninstagram.com/vp/373d19cadd613ab10047d1ee5c39322b/5E1FCE6E/t51.2885-15/sh0.08/e35/c0.169.1349.1349a/s640x640/71843052_961869087493751_2752226172752895049_n.jpg?_nc_ht=scontent-amt2-1.cdninstagram.com&_nc_cat=1","https://scontent-amt2-1.cdninstagram.com/vp/083bb7153edf2461669d7a7914b97222/5E5E2A6A/t51.2885-15/e35/p1080x1080/71843052_961869087493751_2752226172752895049_n.jpg?_nc_ht=scontent-amt2-1.cdninstagram.com&_nc_cat=1",673792,7134,0
"2148071264319825202","25025320","instagram","B3Pe28WAeUy",false,1570290071,false,"https://scontent-amt2-1.cdninstagram.com/vp/c46ed55177f6f3d8f267bd317a4f927a/5E2A438F/t51.2885-15/sh0.08/e35/s640x640/71133003_148897409655692_547570921026398517_n.jpg?_nc_ht=scontent-amt2-1.cdninstagram.com&_nc_cat=1","https://scontent-amt2-1.cdninstagram.com/vp/9a94e6a4f8e9aa361ef71afd2a402a0d/5E43CAD9/t51.2885-15/e35/s1080x1080/71133003_148897409655692_547570921026398517_n.jpg?_nc_ht=scontent-amt2-1.cdninstagram.com&_nc_cat=1",796628,8807,0